bucket,study_id,pdf_filename,title,authors,year,doi,training_status,main_tags,outcome_types,intervention_weeks,notes
A,1,001.pdf,Effect of Repetition Duration During Resistance Training on Muscle Hypertrophy: A Systematic Review and Meta-Analysis,Schoenfeld BJ; Ogborn DI; Krieger JW,2015,10.1007/s40279-015-0304-0,meta-analysis (healthy adults; mixed training status),resistance_training; repetition_tempo; repetition_duration; hypertrophy; systematic_review; meta_analysis,hypertrophy (morphologic outcomes: biopsy; imaging; densitometry),≥6 (varies; inclusion criterion ≥6 weeks),"Hypertrophy outcomes are similar with repetition durations ~0.5–8 s/rep when training to failure; very slow tempos (>10 s/rep) appear inferior for hypertrophy, though controlled data are limited."
A,2,002.pdf,A Systematic Review with Meta-Analysis of the Effect of Resistance Training on Whole-Body Muscle Growth in Healthy Adult Males,Benito PJ; Cupeiro R; Rubio-Arias JÁ; Ramos-Campo DJ; Alcaraz PE,2020,10.3390/ijerph17041287,meta-analysis (healthy adult males),resistance_training; whole_body_hypertrophy; fat_free_mass; lean_mass; skeletal_muscle_mass; meta_analysis,hypertrophy (FFM; LMM; SMM),>2 (varies; all interventions >2 weeks),"RT increases whole-body muscle mass by ~1.5 kg on average; participant characteristics explained little variance, whereas very high sets per workout showed a small negative association with gains."
A,3,003.pdf,Comparison of Periodized and Non-Periodized Resistance Training on Maximal Strength: A Meta-Analysis,Williams TD; Tolusso DV; Fedewa MV; Esco MR,2017,10.1007/s40279-017-0734-y,meta-analysis (healthy adults),resistance_training; periodization; non_periodized; strength; meta_analysis,strength (1RM squat; bench_press; leg_press); limited hypertrophy reporting,6–52 (varies),Periodized RT provides small-to-moderate advantages over non-periodized RT for maximal strength; hypertrophy outcomes are less frequently reported and show no large differences once volume is similar.
A,4,004.pdf,Partial Vs Full Range of Motion Resistance Training: A Systematic Review and Meta-Analysis,Wolf M; Androulakis-Korakakis P; Fisher JP; Schoenfeld BJ; Steele J,2023,10.47206/ijsc.v3i1.182,meta-analysis (healthy adults; mixed training status),resistance_training; range_of_motion; partial_ROM; full_ROM; hypertrophy; strength; meta_analysis,hypertrophy (muscle_thickness; CSA; volume); strength (1RM; isometric; dynamic),≥6 (varies across trials),Full ROM generally produces equal or slightly greater hypertrophy and strength across the joint angle; partial ROM can give angle-specific strength benefits. Both can be effective tools depending on goal.
A,5,005.pdf,"A Meta-Analysis of Resistance Training in Female Youth: Its Effect on Muscular Strength, and Shortcomings in the Literature",Moran J; Sandercock G; Ramirez-Campillo R; Clark CCT; Fernandes JFT; Drury B,2018,10.1007/s40279-018-0914-4,meta-analysis (female youth),resistance_training; female_youth; strength; hypertrophy; meta_analysis,primarily strength (1RM; field_strength tests); limited hypertrophy outcomes,4–24 (varies),RT is clearly effective for improving strength in female youth; hypertrophy data are sparse but suggest some gains. Highlights major shortcomings in study design/reporting for this population.
A,6,006.pdf,Effects of Resistance Training Frequency on Measures of Muscle Hypertrophy: A Systematic Review and Meta-Analysis,Schoenfeld BJ; Ogborn D; Krieger JW,2016,10.1007/s40279-016-0543-8,meta-analysis (healthy adults; mixed training status),resistance_training; training_frequency; weekly_frequency; hypertrophy; meta_analysis,hypertrophy (muscle_size via imaging; circumference; biopsy; densitometry),≥4 (varies; typical 6–16 weeks),"When total volume is equated, training frequency per se has only a modest effect on hypertrophy; higher frequency mainly helps by distributing or increasing weekly volume."
A,7,007.pdf,Resistance Training Load Effects on Muscle Hypertrophy and Strength Gain: Systematic Review and Network Meta-analysis,Lopez P; Radaelli R; Taaffe DR; Newton RU; Galvão DA; Trajano GS; Teodoro JL; Kraemer WJ; Häkkinen K; Pinto RS,2021,10.1249/MSS.0000000000002585,network_meta_analysis (healthy adults; mostly untrained/recreational),resistance_training; load; intensity; low_load; high_load; hypertrophy; strength; network_meta_analysis,hypertrophy (muscle_size); strength (1RM; isometric),6–16 (varies; multi-study),Hypertrophy gains are broadly similar across low–high loads when sets are taken to or near failure; high loads provide superior maximal strength.
A,8,008.pdf,Muscle Hypertrophy and Strength Gains After Resistance Training with Different Volume-Matched Loads: A Systematic Review and Meta-analysis,Carvalho L; Moriggi Junior R; Barreira J; Schoenfeld BJ; Orazem J; Barroso R,2022,10.1139/apnm-2021-0515,meta-analysis (healthy adults; mostly untrained/recreational),resistance_training; load; volume_matched; low_load; high_load; hypertrophy; strength; meta_analysis,hypertrophy (muscle_size); strength (1RM),6–16 (varies; multi-study),"With volume matched, low- and high-load RT to (or near) failure produce similar hypertrophy; strength adaptations favour higher loads."
A,9,009.pdf,Strength and Hypertrophy Adaptations Between Low- vs. High-Load Resistance Training: A Systematic Review and Meta-analysis,Schoenfeld BJ; Grgic J; Ogborn D; Krieger JW,2017,10.1519/JSC.0000000000002200,meta-analysis (healthy adults; mixed training status),resistance_training; load; low_load; high_load; hypertrophy; strength; meta_analysis,hypertrophy (muscle_size); strength (1RM; isometric),6–16 (varies),"Across 21 studies, hypertrophy is similar between low- and high-load RT when volume and effort are similar; strength gains favour high loads."
A,10,010.pdf,How Many Times per Week Should a Muscle Be Trained to Maximize Muscle Hypertrophy? A Systematic Review and Meta-analysis of Studies Examining the Effects of Resistance Training Frequency,Schoenfeld BJ; Grgic J; Krieger J,2019,10.1080/02640414.2018.1555906,meta-analysis (healthy adults; mixed training status),resistance_training; training_frequency; weekly_frequency; hypertrophy; meta_analysis,hypertrophy (muscle_size via imaging/anthropometry),6–12 (typical; varies by study),"Per-muscle training frequency ≥2×/week tends to produce more hypertrophy than 1×/week when volume isn’t strictly equated; with volume equated, frequency has a smaller independent effect."
A,11,011.pdf,Does Aerobic Training Promote the Same Skeletal Muscle Hypertrophy as Resistance Training? A Systematic Review and Meta-Analysis,Grgic J; McIlvenna LC; Fyfe JJ; Sabol F; Bishop DJ; Schoenfeld BJ; Pedisic Z,2019,10.1007/s40279-018-1008-z,meta-analysis (healthy adults),aerobic_training; resistance_training; hypertrophy; modality_comparison; meta_analysis,hypertrophy (whole-muscle and myofiber level),6–24 (varies),RT is clearly superior to aerobic training alone for hypertrophy at both whole-muscle and fibre levels; endurance training produces smaller size gains.
A,12,012.pdf,Resistance Training Prescription for Muscle Strength and Hypertrophy in Healthy Adults: A Systematic Review and Bayesian Network Meta-analysis,Currier BS; McLeod JC; Banfield L; Beyene J; Welton NJ; D’Souza AC; Keogh JAJ; Lin L; Coletta G; Yang A; Colenso-Semple L; Lau KJ; Verboom A; Phillips SM,2023,10.1136/bjsports-2023-106807,meta-analysis (healthy adults; Bayesian network),resistance_training; prescription; load; sets; frequency; hypertrophy; strength; network_meta_analysis,hypertrophy (muscle_size); strength (1RM and related),6–24 (varies widely),All RT prescriptions outperform non-exercise control. Moderate–heavy loads and multiple sets per exercise with sufficient weekly volume rank best for hypertrophy and strength; several “good enough” configurations exist.
A,13,013.pdf,Influence of Resistance Training Proximity-to-Failure on Skeletal Muscle Hypertrophy: A Systematic Review with Meta-analysis,Refalo MC; Helms ER; Trexler ET; Hamilton DL; Fyfe JJ,2023,10.1007/s40279-022-01784-y,meta-analysis (healthy adults; varied experience),resistance_training; proximity_to_failure; momentary_failure; velocity_loss; hypertrophy; meta_analysis,hypertrophy (muscle_thickness; CSA; volume),≥6 (typical 6–12),"Training very close to or to failure does not clearly outperform stopping slightly short when volume is matched; moderate proximity to failure appears sufficient for hypertrophy, especially with moderate/high loads."
A,14,014.pdf,The Effect of Resistance Training in Women on Dynamic Strength and Muscular Hypertrophy: A Systematic Review with Meta-analysis,Hagstrom AD; Marshall PW; Halaki M; Hackett DA,2019,10.1007/s40279-019-01247-x,meta-analysis (healthy adult women),resistance_training; women; hypertrophy; dynamic_strength; meta_analysis,hypertrophy (muscle_size); strength (1RM / dynamic_strength),6–24 (varies),"Women gain substantial strength and hypertrophy from RT; effect sizes are comparable to general (mixed-sex) literature, supporting similar programming principles for women."
A,15,015.pdf,The Compatibility of Concurrent High Intensity Interval Training and Resistance Training for Muscular Strength and Hypertrophy: A Systematic Review and Meta-analysis,Sabag A; Najafi A; Michael S; Esgin T; Halaki M; Hackett D,2018,10.1080/02640414.2018.1464636,meta-analysis (healthy adults),concurrent_training; high_intensity_interval_training; resistance_training; hypertrophy; strength; meta_analysis,hypertrophy (muscle_size); strength (1RM / dynamic),≥4–6 (varies),Concurrent RT + HIIT generally does not meaningfully impair hypertrophy when programmed sensibly; small negative effects on strength are possible with high HIIT doses or poor scheduling.
A,16,016.pdf,Effects of Periodization on Strength and Muscle Hypertrophy in Volume-Equated Resistance Training Programs: A Systematic Review and Meta-analysis,Moesgaard L; Beck MM; Christiansen L; Aagaard P; Lundbye-Jensen J,2022,10.1007/s40279-021-01636-1,meta-analysis (healthy adults; volume-equated trials),resistance_training; periodization; linear_periodization; undulating_periodization; hypertrophy; strength; meta_analysis,hypertrophy (muscle_size); strength (1RM),8–24 (varies),"When total volume is equated, periodized and non-periodized RT show similar hypertrophy; periodization gives a small advantage for strength in some comparisons."
A,17,017.pdf,Muscular Adaptations in Low- Versus High-Load Resistance Training: A Meta-analysis,Schoenfeld BJ; Wilson JM; Lowery RP; Krieger JW,2014,10.1080/17461391.2014.989922,meta-analysis (healthy adults; mostly untrained/recreational),resistance_training; load; low_load; high_load; hypertrophy; strength; meta_analysis,hypertrophy (muscle_size); strength (1RM / dynamic),6–16 (varies),Low-load (≤60% 1RM) and high-load (>60% 1RM) RT to failure produce similar hypertrophy; high loads yield greater maximal strength.
A,18,018.pdf,Dose-Response Relationship Between Weekly Resistance Training Volume and Increases in Muscle Mass: A Systematic Review and Meta-analysis,Schoenfeld BJ; Ogborn D; Krieger JW,2017,10.1080/02640414.2016.1210197,meta-analysis (healthy adults; mixed training status),resistance_training; training_volume; weekly_sets; dose_response; hypertrophy; meta_analysis,hypertrophy (muscle_size via imaging/anthropometry),6–16 (varies),"Higher weekly set volume per muscle is associated with greater hypertrophy up to a point (low < moderate < higher volumes), with diminishing returns at very high volumes."
A,19,019.pdf,"A Systematic Review, Meta-analysis and Meta-regression of the Effect of Protein Supplementation on Resistance Training-induced Gains in Muscle Mass and Strength in Healthy Adults",Morton RW; Murphy KT; McKellar SR; Schoenfeld BJ; Henselmans M; Helms E; Aragon AA; Devries MC; Banfield L; Krieger JW; Phillips SM,2018,10.1136/bjsports-2017-097608,meta-analysis (healthy adults; RT interventions),protein_supplementation; resistance_training; hypertrophy; strength; nutrition; meta_analysis,hypertrophy (lean_mass; FFM; muscle_size); strength (1RM),≥6 (varies; RT + protein),"Protein supplementation on top of RT yields small but meaningful additional gains in lean mass and strength, especially when baseline protein intake is lower and/or in untrained individuals."
A,20,020.pdf,Effect of Resistance Training Frequency on Gains in Muscular Strength: A Systematic Review and Meta-Analysis,Grgic J; Schoenfeld BJ; Davies TB; Lazinica B; Krieger JW; Pedisic Z,2018,10.1007/s40279-018-0872-x,meta-analysis (healthy adults; mixed training status),resistance_training; training_frequency; strength; meta_analysis,strength (1RM; dynamic_strength),6–24 (varies),"When volume is equated, training frequency has minimal independent effect on strength; higher frequencies help mainly via enabling more total quality work and better fatigue management."
A,21,021.pdf,Efficacy of Resistance Training in Hypoxia on Muscle Hypertrophy and Strength Development: A Systematic Review with Meta-analysis,Benavente C; Schoenfeld BJ; Padial P; Feriche B,2023,10.1038/s41598-023-30808-4,meta-analysis (healthy adults; hypoxic vs normoxic RT),resistance_training; hypoxia; hypoxic_training; hypertrophy; strength; meta_analysis,hypertrophy (CSA; lean_mass; thickness); strength (1RM),4–10 (typical),Overall hypertrophy and strength gains are similar between RT in hypoxia and normoxia; some protocols show small extra hypertrophy benefits under hypoxia.
A,22,022.pdf,Effects of Resistance Training on Muscle Size and Strength in Very Elderly Adults: A Systematic Review and Meta-Analysis of Randomized Controlled Trials,Grgic J; Garofolini A; Orazem J; Sabol F; Schoenfeld BJ; Pedisic Z,2020,10.1007/s40279-020-01331-7,meta-analysis (very elderly adults; ~≥75–80 y),resistance_training; very_elderly; sarcopenia; hypertrophy; strength; meta_analysis,hypertrophy (muscle_size; lean_mass); strength (1RM; functional_strength); physical_function,8–24 (varies),"Very elderly adults still gain meaningful muscle size, strength, and functional capacity from RT; supports RT as a key intervention against age-related decline."
A,23,023.pdf,Effects of Resistance Training with Moderate vs Heavy Loads on Muscle Mass and Strength in the Elderly: A Meta-analysis,Csapo R; Alegre LM,2016,10.1111/sms.12536,meta-analysis (elderly adults),resistance_training; load; moderate_load; heavy_load; elderly; hypertrophy; strength; meta_analysis,hypertrophy (muscle_mass; CSA); strength (1RM / dynamic_strength),8–26 (varies),"In elderly individuals, heavy-load RT tends to produce somewhat greater strength gains; hypertrophy differences between moderate and heavy loads are smaller, especially when total work is matched."
A,24,024.pdf,Sex Differences in Resistance Training: A Systematic Review and Meta-Analysis,Roberts BM; Nuckols G; Krieger JW,2020,NR,meta-analysis (young–middle-aged males & females),resistance_training; sex_differences; males_vs_females; hypertrophy; strength; meta_analysis,hypertrophy (muscle_size); strength (upper_body; lower_body),6–20 (varies),"No meaningful sex differences in hypertrophy responses to RT; strength gains are broadly similar between sexes when programs are matched, with some small relative differences by region."
A,25,025.pdf,The Efficacy of Resistance Training in Hypoxia to Enhance Strength and Muscle Growth: A Systematic Review and Meta-analysis,Ramos-Campo DJ; Scott BR; Alcaraz PE; Rubio-Arias JA,2017,10.1080/17461391.2017.1388850,meta-analysis (healthy adults; hypoxic vs normoxic RT),resistance_training; hypoxia; blood_flow_restriction_style; hypertrophy; strength; meta_analysis,hypertrophy (muscle_size; CSA); strength (1RM / dynamic_strength),4–10 (varies),Similar overall strength and hypertrophy between hypoxic and normoxic RT; some protocols show small advantages for hypoxia. (Benavente 2023 provides updated estimates.)
A,26,026.pdf,The Effects of Low-Load vs. High-Load Resistance Training on Muscle Fiber Hypertrophy: A Meta-Analysis,Grgic J,2020,10.2478/hukin-2020-0013,meta-analysis (healthy adults),resistance_training; load; low_load; high_load; muscle_fiber_hypertrophy; type_I; type_II; meta_analysis,hypertrophy (type_I_fiber_CSA; type_II_fiber_CSA),6–16 (varies),"Low- and high-load RT to failure produce broadly similar fibre-level hypertrophy; high loads may have slight advantages for type II fibres, but differences are small."
A,27,027.pdf,Magnitude of Muscle Strength and Mass Adaptations Between High-Load Resistance Training Versus Low-Load Resistance Training Associated with Blood-Flow Restriction: A Systematic Review and Meta-Analysis,Lixandrao ME; Ugrinowitsch C; Berton R; Vechin FC; Conceição MS; Damas F; Libardi CA; Roschel H,2018,10.1007/s40279-017-0795-y,meta-analysis (healthy adults; HL-RT vs BFR-RT),resistance_training; blood_flow_restriction; low_load; high_load; hypertrophy; strength; meta_analysis,hypertrophy (muscle_mass; CSA; thickness); strength (1RM),4–12 (varies),"Low-load BFR-RT can induce hypertrophy comparable to traditional high-load RT, but strength gains still favour high-load training."
A,28,028.pdf,A Systematic Review of the Effects of Different Resistance Training Volumes on Muscle Hypertrophy,Baz-Valle E; Balsalobre-Fernández C; Alix-Fages C; Santos-Concejero J,2022,10.2478/hukin-2022-0017,meta-analysis (trained young adults),resistance_training; training_volume; weekly_sets; hypertrophy; trained_individuals; meta_analysis,hypertrophy (muscle_thickness; CSA),≥6 (all included RCTs),"In trained lifters, higher set volumes generally yield greater hypertrophy than low volumes, but with diminishing returns; extremely high volumes are not clearly superior."
A,29,029.pdf,Single vs. Multiple Sets of Resistance Exercise for Muscle Hypertrophy: A Meta-Analysis,Krieger JW,2010,NR,meta-analysis (healthy adults; mostly untrained/recreational),resistance_training; training_volume; single_set; multiple_sets; hypertrophy; dose_response; meta_analysis,hypertrophy (muscle_size via imaging/anthropometry),6–24 (varies),"Multiple sets per exercise produce significantly greater hypertrophy than single sets; 2–3 sets per exercise clearly outperform 1 set, with possible added benefit up to ~4–6 sets."
A,30,030.pdf,Influence of Resistance Training Load on Measures of Skeletal Muscle Hypertrophy and Improvements in Maximal Strength and Neuromuscular Task Performance: A Systematic Review and Meta-analysis,Refalo MC; Hamilton DL; Paval DR; Gallagher IJ; Feros SA; Fyfe JJ,2021,10.1080/02640414.2021.1898094,meta-analysis (healthy adults),resistance_training; load; hypertrophy; strength; neuromuscular_performance; meta_analysis,hypertrophy (muscle_size); strength (1RM); neuromuscular_task_performance,6–16 (varies),Hypertrophy is similar across a wide range of loads when training near failure; higher loads confer advantages for maximal strength and some neuromuscular performance tasks.
A,31,031.pdf,Potential Moderators of the Effects of Blood Flow Restriction Training on Muscle Strength and Hypertrophy: A Meta-analysis Based on a Comparison with High-Load Resistance Training,Geng Y; Wu X; Zhang Y; Zhang M,2024,10.1186/s40798-024-00719-3,meta-analysis (healthy adults; BFR vs HL-RT),resistance_training; blood_flow_restriction; moderators; hypertrophy; strength; meta_analysis,hypertrophy (muscle_mass; CSA); strength (1RM),4–12 (varies),"BFR-RT is broadly comparable to high-load RT for hypertrophy and somewhat inferior for strength; moderator analyses highlight the role of load, cuff pressure, rest intervals, and program length."
A,32,032.pdf,The Effects of Eccentric Versus Concentric Resistance Training on Muscle Strength and Mass,Different authors (BJSM review; see article),2009,10.1136/bjsm.2008.051417,systematic_review (human RT; eccentric vs concentric),resistance_training; eccentric_training; concentric_training; hypertrophy; strength; systematic_review,hypertrophy (muscle_mass; CSA); strength (1RM; isokinetic; isometric),6–13 (typical),"Both eccentric- and concentric-focused RT increase strength and muscle mass; eccentric-emphasized training often yields equal or slightly greater hypertrophy and eccentric strength, but both modes are effective."
A,33,033.pdf,Effects of Range of Motion on Resistance Training Adaptations: A Systematic Review and Meta-analysis,Pallarés JG; Hernández-Belmonte A; Martínez-Cava A; Vetrovsky T; Steffl M; Courel-Ibáñez J,2021,10.1111/sms.14006,meta-analysis (healthy adults),resistance_training; range_of_motion; full_ROM; partial_ROM; hypertrophy; strength; meta_analysis,hypertrophy (muscle_thickness; CSA); strength (1RM; isometric),6–16 (varies),Full ROM tends to yield greater overall hypertrophy and strength across the joint ROM; partial ROM gives joint-angle-specific strength gains and can still be a useful tool.
A,34,034.pdf,"Effects of Resistance Training Volume on Physical Function, Lean Body Mass and Lower-Body Muscle Hypertrophy and Strength in Older Adults: A Systematic Review and Network Meta-analysis of 151 Randomised Trials",Radaelli R; Rech A; Molinari T; Markarian AM; Petropoulou M; Granacher U; Hortobágyi T; Lopez P,2025,10.1007/s40279-024-02123-z,network_meta_analysis (older adults),resistance_training; training_volume; older_adults; hypertrophy; strength; physical_function; network_meta_analysis,hypertrophy (lean_body_mass; lower_body_muscle); strength (lower_body_1RM); physical_function (functional_tests),8–52 (varies widely),"Moderate RT volumes are sufficient to meaningfully improve strength, hypertrophy, and function in older adults; higher volumes may add benefit but with diminishing returns and greater burden."
A,35,035.pdf,Is Power Training Effective to Produce Muscle Hypertrophy in Older Adults? A Systematic Review and Meta-analysis,Bet da Rosa Orssatto L; Bezerra E; Shield A; Trajano GS,2020,10.1139/apnm-2020-0021,meta-analysis (older adults; power-type RT),power_training; older_adults; hypertrophy; strength; rate_of_force_development; meta_analysis,hypertrophy (muscle_mass; lean_mass); strength (1RM); power_output,8–24 (varies),"Power-oriented RT (lighter loads, fast intent) can still produce meaningful hypertrophy and strength gains in older adults, alongside improvements in functional power."
B,36,036.pdf,Relative Protein Intake and Physical Function in Older Adults: A Systematic Review and Meta-Analysis of Observational Studies,Coelho-Junior HJ et al.,2018,10.3390/nu10091330,meta_analysis_observational (no RT intervention),older_adults; protein_intake; physical_function; sarcopenia_risk,"physical_function (gait speed, chair rise, balance); strength; body_comp (lean-mass-related proxies)",NA (observational),Higher relative protein intake in older adults is associated with better physical function and lower disability risk.
B,37,037.pdf,"Effects of Protein Supplementation on Body Composition, Physiological Adaptations, and Performance During Endurance Training: A Systematic Review and Meta-Analysis",Xiao Q et al.,2025,10.3389/fnut.2025.1663860,meta_analysis_RCT (endurance_training + protein_supplementation),endurance_training; protein_supplementation; body_comp; performance,"body_comp (FFM, FM); performance (VO₂max, time trial, time to exhaustion); strength (secondary)",4–24 (varies across trials),Protein supplementation during endurance training produces small benefits for lean mass and modest improvements in some endurance performance outcomes. (Wiley Online Library)
B,38,038.pdf,Systematic Review and Meta-Analysis of Protein Intake to Support Muscle Mass and Function in Healthy Adults,Nunes EA et al.,2022,10.1002/jcsm.12922,meta_analysis_RCT_mixed (RT and non-RT interventions),healthy_adults; protein_intake; muscle_mass; muscle_function,"body_comp (FFM, LBM); strength (1RM, MVC); physical_function (chair rise, walking tests)",>2 weeks (typically 4–24; varies),"In healthy adults, higher protein intakes (especially ≥1.2 g/kg/d) better support gains or preservation of muscle mass and function versus lower intakes. (Experts at Arizona)"
B,39,039.pdf,Dietary Protein Intake Above the Current RDA and Bone Health: A Systematic Review and Meta-Analysis of Randomized Controlled Trials,"Wallace TC, Frankenfeld CL",2017,10.1080/07315724.2017.1322521,meta_analysis_RCT (diet_only; no structured RT),bone_health; protein_intake; RDA; adults,bone_density (BMD); bone_turnover_markers; fractures (limited),~4–104 (many 6–24+ months),Protein intakes modestly above the RDA do not harm bone and may slightly benefit BMD when calcium/vitamin D are adequate. (Frontiers)
B,40,040.pdf,Effects of Dietary Protein Intake on Body Composition Changes After Weight Loss in Older Adults: A Systematic Review and Meta-Analysis,Kim JE et al.,2016,10.1093/nutrit/nuv065,meta_analysis_RCT (weight-loss diets; minimal RT focus),older_adults; weight_loss; protein_intake; body_comp,"body_comp (FFM, FM, body weight); physical_function (secondary)",8–52 (varies),Higher protein intake during weight-loss interventions helps attenuate fat-free mass loss in older adults compared with lower-protein diets. (PubMed)
B,41,041.pdf,"A Critical Examination of Dietary Protein Requirements, Benefits, and Excesses in Strength Athletes","Phillips SM, Van Loon LJC",2011,10.1249/SSC.0b013e31821b0198,narrative_review_strength_athletes,strength_athletes; protein_requirements; high_protein_diet; resistance_training,hypertrophy; strength; body_comp; health_markers (discussed),NA (review),"Reviews evidence that strength athletes likely benefit from protein intakes around 1.6–2.2 g/kg/d for maximising RT adaptations, with little evidence of harm from higher intakes in healthy people."
B,42,042.pdf,The Effect of Protein Timing on Muscle Strength and Hypertrophy: A Meta-Analysis,"Schoenfeld BJ, Aragon AA, Krieger JW",2013,10.1186/1550-2783-10-53,meta_analysis_RCT_RT (protein_timing with structured RT),protein_timing; resistance_training; hypertrophy; strength,"hypertrophy (FFM, muscle CSA/thickness); strength (1RM)",6–24 (RT interventions),"When total daily protein is sufficient, specific timing around workouts has little extra effect on RT-induced hypertrophy or strength. (PubMed)"
B,43,043.pdf,Dose–Response Relationship Between Protein Intake and Muscle Mass Increase: A Systematic Review and Meta-Analysis of Randomized Controlled Trials,Tagawa R et al.,2020,10.1093/advances/nmz108,meta_analysis_RCT_mixed (many RT-based interventions),protein_dose; muscle_mass; dose_response; adults,"body_comp (FFM, LBM); hypertrophy indices",4–52 (many 8–24 weeks),"Protein intakes up to about 1.3–1.6 g/kg/d enhance lean mass versus lower intakes, with diminishing returns beyond this range."
B,44,044.pdf,The Impact of Protein Quality on the Promotion of Resistance-Training-Induced Changes in Muscle Mass,Phillips SM,2016,10.1017/S0029665115003523,narrative_review_RT,protein_quality; resistance_training; leucine; dairy_vs_plant,hypertrophy; strength; acute MPS (mechanistic),NA (review),"Argues that rapidly digested, leucine-rich proteins (e.g. whey/dairy) may better support RT-induced hypertrophy than some lower-quality proteins when total intake is matched."
B,45,045.pdf,Effects of Higher- Versus Lower-Protein Diets on Health Outcomes: A Systematic Review and Meta-Analysis,Santesso N et al.,2012,10.1038/ejcn.2012.58,meta_analysis_RCT (diet_only; overweight/obese adults),high_protein_diet; weight_loss; cardiometabolic_risk; obesity,"body_weight; body_comp (FFM, FM); lipids; blood_pressure; glycaemic_markers",4–104 (many 8–52 weeks),"High-protein diets give slightly greater weight/fat loss and modest cardiometabolic improvements vs. lower-protein diets, with no major short-term safety concerns."
B,46,046.pdf,Dietary Protein to Maximize Resistance Training: A Review and Examination of Protein Spread and Change Theories,"Bosse JD, Dixon BM",2012,10.1016/j.jissn.2012.05.004,narrative_review_RT,protein_distribution; protein_spread; protein_change; resistance_training,hypertrophy; strength; body_comp (conceptual),NA (review),Critically examines “protein spread” and “protein change” ideas; emphasizes total daily protein (~1.3–1.8 g/kg/d) as the main driver of RT adaptations.
B,47,047.pdf,Synergistic Effect of Increased Total Protein Intake and Resistance Training on Muscle Strength: A Dose–Response Meta-Analysis of Randomized Controlled Trials,Tagawa R et al.,2022,10.1186/s40798-022-00508-w,meta_analysis_RCT_RT,protein_intake; resistance_training; strength; dose_response,strength (mainly 1RM); body_comp (FFM in some trials),6–52 (RT interventions with varied protein doses),"Higher total protein during RT (up to ~1.5–1.6 g/kg/d) enhances strength gains vs. lower intakes, with limited extra benefit above that range."
B,48,048.pdf,Dietary Protein and Bone Health Across the Life-Course: An Updated Systematic Review and Meta-Analysis Over 40 Years,Darling AL et al.,2019,10.1007/s00198-019-04933-8,meta_analysis_RCT_and_observational (no RT focus),protein_intake; bone_health; BMD; fractures; lifespan,BMD; fracture_incidence; bone_turnover_markers,months–years (varies widely),"Across the lifespan, higher protein intakes generally support, rather than harm, bone health when calcium and vitamin D are adequate."
B,49,049.pdf,"The Effects of Protein Supplements on Muscle Mass, Strength, and Aerobic and Anaerobic Power in Healthy Adults: A Systematic Review",Pasiakos SM et al.,2015,10.1007/s40279-014-0254-y,"systematic_review_RCT_mixed (RT, endurance, mixed training)",protein_supplementation; healthy_adults; muscle_mass; performance,"body_comp (FFM, FM); strength; aerobic_power (VO₂max); anaerobic_power",4–52 (many 8–24 weeks),"Protein supplements add small benefits for lean mass and strength when combined with training, especially if baseline protein intake is suboptimal."
B,50,050.pdf,Effects of Protein Supplements Consumed With Meals Versus Between Meals on Resistance Training–Induced Body Composition Changes in Adults,Hudson JL et al.,2018,10.1093/nutrit/nuy012,RCT_diet+RT (timing_with_meals),protein_supplementation; timing_with_meals; resistance_training; body_comp,"body_comp (FFM, FM, body weight); metabolic_markers (secondary)","8 (supervised RT, ~3×/week)","With the same protein dose, taking protein with meals favored greater fat-mass loss, while between meals slightly favored lean-mass gain."
B,51,051.pdf,Is Protein the Forgotten Ingredient: Effects of Higher Compared to Lower Protein Diets on Cardiometabolic Risk Factors – A Systematic Review and Meta-Analysis of Randomised Controlled Trials,Vogtschmidt YD et al.,2021,10.1016/j.atherosclerosis.2021.05.011,meta_analysis_RCT (diet_only),high_protein_diet; cardiometabolic_risk; adults; weight_loss,body_weight; BMI; waist_circumference; FM; blood_lipids; blood_pressure; glucose/insulin; HbA1c,mean ~18 weeks (range 4–156),"Higher-protein diets show small but favourable effects on weight/fat loss, systolic BP, some lipids, TAG and insulin compared with lower-protein diets."
B,52,052.pdf,"Effect of Plant Versus Animal Protein on Muscle Mass, Strength, Physical Performance, and Sarcopenia: A Systematic Review and Meta-Analysis of Randomized Controlled Trials",Reid-McCann R et al.,2025,10.1093/nutrit/nuae121,meta_analysis_RCT_mixed (includes RT and non-RT),plant_vs_animal_protein; muscle_mass; strength; physical_performance; sarcopenia,"body_comp (FFM, muscle_mass); strength (handgrip, 1RM); physical_performance (gait speed, chair rise); sarcopenia_status",8–104 (many 12–52 weeks),"When total protein is matched, plant and animal proteins have broadly similar effects on muscle mass, strength and performance in adults."
B,53,053.pdf,Dietary Protein to Support Anabolism With Resistance Exercise in Young Men,"Phillips SM, Hartman JW, Wilkinson SB",2005,10.1080/07315724.2005.10719454,narrative_review_RT (includes RT trials with milk vs soy etc.),young_men; resistance_training; protein_source (milk_vs_soy); MPS,"hypertrophy (lean mass, muscle CSA); strength; acute MPS",~12 weeks in key RT trial (review overall),Summarises work showing dairy proteins (e.g. milk) can produce greater post-exercise net muscle protein balance and slightly greater 12-week RT hypertrophy than soy when protein is matched.
B,54,054.pdf,"Effects of Different Sources of Dietary Protein on Markers of Kidney Function in Individuals With Diabetes, Prediabetes, and Healthy Persons: A Systematic Review and Meta-Analysis",Eckert S et al.,2019,10.2337/dc18-2240,meta_analysis_RCT (diet_only; renal outcomes),protein_source; kidney_function; diabetes; safety,eGFR; serum_creatinine; albuminuria/proteinuria; BUN,4–104 (many ≥12 weeks),"Across RCTs, higher-protein diets and different protein sources do not meaningfully worsen kidney function over typical study durations in people with or without diabetes."
B,55,055.pdf,High-Protein Plant-Based Diet Versus a Protein-Matched Omnivorous Diet to Support Resistance Training Adaptations: A Comparison Between Habitual Vegans and Omnivores,Hevia-Larraín V et al.,2021,10.1007/s40279-020-01363-0,RCT_diet+RT (untrained young adults),plant_based_diet; omnivorous_diet; resistance_training; protein_source; hypertrophy,body_comp (leg lean mass); muscle CSA; muscle fibre CSA; strength (leg press 1RM),"12 (supervised RT, 3×/week)","With ~1.6 g/kg/d protein matched, fully plant-based and omnivorous diets support similar RT-induced gains in muscle mass and strength in young men."
B,56,056.pdf,A High-Protein Diet With Resistance Exercise Training Improves Weight Loss and Body Composition in Overweight and Obese Patients With Type 2 Diabetes,Wycherley TP et al.,2010,10.2337/dc09-1974,RCT_diet+RT (clinical; type 2 diabetes),type2_diabetes; high_protein_diet; resistance_training; weight_loss; body_comp,"body_weight; body_comp (FM, FFM); waist_circumference; glycaemic_control; lipids; blood_pressure","16 (hypocaloric diet ± RT, 3×/week)",Combining a hypocaloric high-protein diet with RT produced the greatest improvements in body composition and cardiometabolic risk markers in adults with T2D.
B,57,057.pdf,Creatine Supplementation During Resistance Training Does Not Lead to Greater Bone Mineral Density in Older Humans: A Brief Meta-Analysis,Forbes SC; Chilibeck PD; Candow DG,2018,10.3389/fnut.2018.00027,RT_meta (older adults),creatine; resistance_training; older_adults; bone; meta_analysis,bone_density; bone_area; muscle_mass,various (≈9–52),"Meta-analysis of RCTs in aging adults doing RT with or without creatine; found no clear additional BMD benefit from creatine beyond RT, with small effects on some bone geometry outcomes."
B,58,058.pdf,Timing of Creatine Supplementation and Resistance Training: A Brief Review,Forbes SC; Candow DG,2018,,RT_meta / narrative (timing),creatine; resistance_training; timing; hypertrophy; strength,timing; muscle_strength; muscle_mass,acute + chronic (various),Brief review (with small quantitative synthesis) on whether pre- vs post-workout creatine timing matters for RT adaptations; overall conclusion is that timing has little practical impact compared with just taking creatine consistently.
B,59,059.pdf,The Effect of Creatine Supplementation on Markers of Exercise-Induced Muscle Damage: A Systematic Review and Meta-Analysis of Human Intervention Trials,Northeast J; Clifford T; et al.,2021,10.1123/ijsnem.2020-0282,exercise_meta_mixed,creatine; muscle_damage; recovery; performance; meta_analysis,muscle_damage_markers; soreness; performance,acute and short-term (single bout to a few weeks),Systematic review/meta of creatine’s effect on markers of exercise-induced muscle damage and recovery across various exercise modes (RT and others); generally small/moderate protective effects on some damage markers and performance recovery.
B,60,060.pdf,Creatine Supplementation and Lower Limb Strength Performance: A Systematic Review and Meta-Analyses,Lanhers C; Pereira B; et al.,2015,10.1007/s40279-015-0337-4,"exercise_meta_mixed (mostly RT, lower body)",creatine; lower_limb; strength; performance; meta_analysis,muscle_strength; power,various (acute + multiweek),"Meta-analysis showing creatine improves lower-limb strength and power (e.g., leg press, knee extension), particularly with RT programs; includes both short-term and training studies."
B,61,061.pdf,Impact of Creatine Supplementation and Exercise Training in Older Adults: A Systematic Review and Meta-Analysis,Sharifian F; et al.,2025,10.1186/s11556-025-00384-9,RT_meta (older adults),creatine; older_adults; resistance_training; functional_performance; meta_analysis,muscle_mass; muscle_strength; physical_function,various (≈8–52),"Meta-analysis of creatine plus exercise training in older adults; shows additive benefits for lean mass, strength and some functional tests compared with exercise alone."
B,62,062.pdf,Creatine Supplementation Protocols With or Without Training Interventions on Body Composition: A GRADE-Assessed Systematic Review and Dose–Response Meta-Analysis,Pashayee-Khamene S; et al.,2024,10.1080/15502783.2024.2380058,mixed_meta (with and without RT),creatine; body_composition; dosing; resistance_training; meta_analysis,body_composition; muscle_mass; fat_mass,various (short to medium term),"Systematic review/meta examining creatine dosing strategies (with and without structured training) on body composition; dose–response analysis suggests benefits for FFM/lean mass, especially when combined with training."
B,63,063.pdf,Creatine Supplementation and Upper Limb Strength Performance: A Systematic Review and Meta-Analysis,Lanhers C; Pereira B; et al.,2017,10.1007/s40279-016-0571-4,"exercise_meta_mixed (mostly RT, upper body)",creatine; upper_limb; strength; performance; meta_analysis,muscle_strength; power,various (acute + multiweek),"Companion meta-analysis to the lower-limb paper, focused on upper-body strength (bench press, etc.); creatine provides small-to-moderate improvements, especially alongside RT."
B,64,064.pdf,Effect of Creatine Supplementation on Body Composition and Performance: A Meta-Analysis,Branch JD,2003,10.1123/ijsnem.13.2.198,exercise_meta_mixed,creatine; body_composition; performance; strength; meta_analysis,body_composition; muscle_mass; strength; power,various (mostly multiweek),Classic early meta-analysis summarising creatine’s impact on body composition and performance in healthy adults; generally positive effects on strength and high-intensity performance with modest lean mass gains.
B,65,065.pdf,Does Oral Creatine Supplementation Improve Strength? A Meta-Analysis,Dempsey RL; Mazzone MF; Meurer LN,2002,,JFP_meta (exercise_mixed),creatine; strength; primary_care; meta_analysis,muscle_strength; performance,various (RT and other training),Family-practice oriented meta-analysis of RCTs on creatine and strength; concludes creatine is effective for improving strength in healthy individuals engaged in training.
B,66,066.pdf,Strategic Creatine Supplementation and Resistance Training in Healthy Older Adults,Candow DG; Vogt E; Johannsmeyer S; Forbes SC; Farthing JP,2015,10.1139/apnm-2014-0498,RT_RCT (older adults),creatine; resistance_training; older_adults; strategy; bone_muscle,muscle_strength; muscle_mass; functional_performance,12,12-week RCT in healthy older adults comparing different creatine strategies with RT; creatine + RT improved muscle strength and some body-composition/functional measures versus placebo + RT.
B,67,067.pdf,Impact of Creatine Supplementation in Combination with Resistance Training on Lean Mass in the Elderly,Pinto CL; Botelho PB; et al.,2016,10.1002/jcsm.12094,RT_RCT (older adults),creatine; resistance_training; elderly; lean_mass,muscle_mass; muscle_strength,12,12-week double-blind RCT in elderly participants; creatine + RT produced greater gains in lean mass and strength than placebo + RT.
B,68,068.pdf,Creatine Supplementation During Resistance Training on Lean Tissue Mass and Muscular Strength in Older Adults: A Meta-Analysis,Chilibeck PD; Kaviani M; Candow DG; Zello GA,2017,10.2147/OAJSM.S123529,RT_meta (older adults),creatine; resistance_training; older_adults; lean_mass; strength; meta_analysis,muscle_mass; muscle_strength; functional_performance,various (≈7–52),Meta-analysis focusing on older adults performing RT with or without creatine; concludes creatine + RT meaningfully increases lean tissue mass and upper- and lower-body strength versus RT + placebo.
B,69,069.pdf,Efficacy of Creatine Supplementation Combined with Resistance Training on Muscle Strength and Muscle Mass in Older Females: A Systematic Review and Meta-Analysis,Dos Santos EEP; de Araújo RC; et al.,2021,10.3390/nu13113757,RT_meta (older women),creatine; resistance_training; older_women; muscle_mass; meta_analysis,muscle_mass; muscle_strength,≥6 (various RT programs),Meta-analysis focused specifically on older females; creatine + RT yields greater increases in muscle strength and lean mass than RT alone.
B,70,070.pdf,Creatine Supplementation for Treating Symptoms of Depression: A Systematic Review and Meta-Analysis,Eckert S; et al.,2025,10.1017/S0007114525105588,no_training_meta (clinical),creatine; depression; mental_health; meta_analysis,depression_symptoms; adverse_events,various (mostly non-RT or mixed),"Systematic review/meta looking at creatine as an adjunct for depressive symptoms; populations and interventions are clinical, not RT-focused; primarily relevant for safety/mood, not hypertrophy."
B,71,071.pdf,Creatine Supplementation and Resistance Training to Preserve Muscle Mass and Attenuate Cancer Progression (CREATINE-52): Study Protocol for a Double-Blind Randomized Controlled Trial,Coletta AM; et al.,2024,10.1186/s12885-024-12260-3,protocol (RT + creatine in cancer),creatine; cancer; resistance_training; protocol; older_adults,muscle_mass; physical_function; disease_progression,planned 52,"Study protocol only (no outcome data yet) for a 52-week RCT in older adults with colorectal cancer, combining creatine with RT to preserve muscle mass and attenuate cancer progression."
B,72,072.pdf,Creatine Supplementation and VO2max: A Systematic Review and Meta-Analysis,Gras D; et al.,2023,10.1080/10408398.2021.2008864,exercise_meta_mixed (aerobic),creatine; VO2max; endurance; aerobic_training; meta_analysis,VO2max; aerobic_performance,various (short to medium term),"Meta-analysis of creatine’s effect on VO2max and aerobic performance; effects are generally small and context-dependent; mostly endurance or mixed training, not classic hypertrophy-RT setups."
B,73,073.pdf,"Effects of Creatine Supplementation on the Performance, Physiological Response, and Body Composition Among Swimmers: A Systematic Review and Meta-Analysis of Randomized Controlled Trials",Huang D; et al.,2024,10.1186/s40798-024-00784-8,exercise_meta_mixed (swimming),creatine; swimmers; performance; body_composition; meta_analysis,performance; body_composition,acute to short-term (loading + few weeks),Meta-analysis in swimmers; creatine improves some sprint/performance outcomes and may modestly affect body composition; training is swimming-specific rather than RT-focused.
B,74,074.pdf,Efficacy of Creatine Supplementation and Resistance Training on Area and Density of Bone and Muscle in Older Adults,Candow DG; et al.,2021,10.1249/MSS.0000000000002722,RT_RCT (older adults),creatine; resistance_training; older_adults; bone; muscle,muscle_density; bone_area; bone_density; muscle_strength,52,"One-year RCT of creatine + whole-body RT vs placebo + RT in older adults; creatine increased tibial bone area and some muscle density measures, with limited effects on bone density at other sites."
B,75,075.pdf,The Paradoxical Effect of Creatine Monohydrate on Muscle Damage Markers: A Systematic Review and Meta-Analysis,Doma K; et al.,2022,10.1007/s40279-022-01640-z,exercise_meta_mixed,creatine; muscle_damage; inflammation; recovery; meta_analysis,muscle_damage_markers; soreness; performance,acute and short-term,"Meta-analysis focusing on blood markers of muscle damage and soreness; finds context-dependent effects (“paradoxical”) where creatine can attenuate or, in some setups, not change markers; includes both RT and other exercise modes."
B,76,076.pdf,The Additive Effects of Creatine Supplementation and Exercise Training in an Aging Population: A Systematic Review of Randomized Controlled Trials,Stares A; et al.,2020,10.1519/JPT.0000000000000222,RT_meta (older adults),creatine; aging; resistance_training; older_adults; meta_analysis,muscle_mass; muscle_strength; physical_function,various (≈7–52),"Systematic review of RCTs in older adults combining creatine with exercise (often RT); overall shows additive benefits on muscle mass, strength and functional outcomes versus training alone."
B,77,077.pdf,Effectiveness of Creatine in Metabolic Performance: A Systematic Review and Meta-Analysis,Jaramillo JD; et al.,2023,10.7759/cureus.45282,exercise_meta_mixed / clinical_mixed,creatine; metabolism; metabolic_markers; performance; meta_analysis,metabolic_markers; performance; body_composition,various (heterogeneous),"Systematic review/meta looking at creatine’s impact on metabolic performance (e.g., glucose, lipids, energy metabolism) and related outcomes; heterogeneous populations and protocols, not specifically RT-focused."
B,78,078.pdf,Efecto de la suplementación con creatina en la capacidad anaeróbica: un meta-análisis (Effect of Creatine Supplementation in Anaerobic Capacity: A Meta-Analysis),Quirós-Quirós A; Jiménez-Díaz J; Zamora-Salas JD,2019,,exercise_meta_mixed (anaerobic),creatine; anaerobic_capacity; high_intensity; performance; meta_analysis,anaerobic_capacity; performance,acute to short-term,Spanish-language meta-analysis on creatine’s effect on anaerobic capacity in healthy subjects (trained and untrained); finds a small-to-moderate positive effect on anaerobic performance.
B,79,079.pdf,Effect of Creatine Supplementation on Kidney Function: A Systematic Review and Meta-Analysis,Naeini AM; et al.,2025,10.1186/s12882-025-04558-6,no_training_meta (safety),creatine; kidney_function; safety; clinical; meta_analysis,kidney_function; safety_markers,various (short- and long-term),Systematic review/meta across RCTs and trials assessing kidney function with creatine use; concludes creatine is generally safe for kidney function in healthy individuals when used at usual doses; useful as safety/background rather than hypertrophy evidence.
B,80,080.pdf,Creatine Supplementation in Addition to Physical Exercise in the Treatment of Sarcopenia: A Meta-Analysis,Balestrino M; et al.,2025,10.20944/preprints202511.1316.v1,RT_meta (sarcopenia; preprint),creatine; sarcopenia; older_adults; resistance_training; meta_analysis,muscle_mass; muscle_strength; physical_function,various (mostly ≥12),"Preprint meta-analysis of creatine (often with RT) for sarcopenia; generally supports creatine + exercise improving muscle mass, strength and function in older adults with or at risk of sarcopenia."
B,81,081.pdf,Creatine Supplementation During Resistance Training in Older Adults: A Meta-Analysis,Devries MC; Phillips SM,2014,10.1249/MSS.0000000000000220,RT_meta (older adults),creatine; resistance_training; older_adults; muscle_mass; meta_analysis,muscle_mass; muscle_strength; functional_performance,various (≈7–26),"Found that creatine supplementation during RT in older adults enhances gains in lean mass, strength and some functional outcomes versus RT alone."
C,82,082.pdf,High-Intensity Resistance Exercise Training to Improve Body Composition and Strength in Older Men With Osteosarcopenia (FrOST),Kemmler W et al.,2020,10.3389/fspor.2020.00004,RCT_RT_only,older_men; osteosarcopenia; sarcopenia; osteoporosis; high_intensity_RT,body_comp; muscle_mass; strength; bone,36,"Community-dwelling older men with osteosarcopenia; 2x/wk high-intensity RT vs non-exercising control, both groups received protein + vitamin D + calcium."
C,83,083.pdf,Body Composition and Musculoskeletal Health in Older Adults With Obesity and Sarcopenia,Gandham A,2022,NR,thesis_mixed,older_adults; obesity; sarcopenia; musculoskeletal_health,body_comp; muscle_mass; bone; strength; function,various,Doctoral thesis (University of Manitoba) examining body composition and musculoskeletal health in older adults with obesity and sarcopenia (epidemiology + intervention data).
C,84,084.pdf,The Effects of Circuit Hydraulic Weight Interval Training on Body Composition and Progression of Resistance in Recreationally Exercising Pre- and Postmenopausal Women,Socha M et al.,2025,10.3389/fphys.2025.1540983,RT_intervention,pre_perimenopausal; postmenopausal; women; circuit_training,body_comp; strength; muscular_endurance,18,Recreationally active pre- and postmenopausal women completed ~18 weeks of hydraulic circuit RT; whole-body training with progressive resistance.
C,85,085.pdf,Effects of Soy Milk Ingestion Immediately After Resistance Training on Muscular-Related Biomarkers in Older Men: A Randomized Controlled Trial,Hooshmand-Moghadam B et al.,2023,10.5114/biolsport.2023.123894,RCT_RT+protein,older_men; soy_protein; supplementation; sarcopenia_risk,body_comp; muscle_mass; strength; power; biomarkers,12,Healthy older men; RT 3x/wk for 12 weeks with immediate post-exercise soy milk vs placebo (and on non-training days).
C,86,086.pdf,The Effects of Resistance Training Programs on Lean Body Mass in Postmenopausal and Elderly Women: A Systematic Review and Meta-Analysis,Yang L et al.,2021,10.1007/s40520-021-01853-8,meta_RT,postmenopausal_women; older_women; lean_mass; sarcopenia,body_comp; muscle_mass; strength; function,various,"Systematic review/meta-analysis of RT programs in postmenopausal and elderly women, focusing on lean body mass and functional outcomes."
C,87,087.pdf,"Resistance Training-Induced Gains in Muscle Strength, Body Composition, and Functional Capacity Are Attenuated in Elderly Women With Sarcopenic Obesity",de Oliveira Silva A et al.,2018,10.2147/CIA.S156174,RCT_RT_only,older_women; sarcopenic_obesity; dynapenia,body_comp; muscle_mass; strength; function,16,Elderly women with and without sarcopenic obesity; 2x/wk RT for 16 weeks; SO group shows blunted improvements in adiposity and functional capacity.
C,88,088.pdf,The Effects of Resistance Training Volume on Osteosarcopenic Obesity in Older Women,Cunha P M et al.,2018,10.1080/02640414.2017.1403413,RCT_RT_only,older_women; osteosarcopenic_obesity; training_volume,body_comp; muscle_mass; strength; function,16,Older women with osteosarcopenic obesity randomized to 1 vs 3 sets per exercise RT; compares volume effects on OSO indices and performance.
C,89,089.pdf,"Effects of Resistance Training on Muscular Strength, Endurance, Body Composition and Functional Performance Among Sarcopenic Patients: A Systematic Review",Sharma N et al.,2023,10.1007/s40200-023-01283-5,systematic_review,sarcopenia; older_adults; RT_prescription,body_comp; muscle_mass; strength; endurance; function,various,"Looks at RT interventions in sarcopenic older adults and summarises effects on body composition, strength, endurance, and functional tests."
C,90,090.pdf,Effects of Resistance Training on Sarcopenic Obesity Index in Middle-Aged and Elderly Patients With Sarcopenic Obesity,Gong W et al.,2023,10.14336/AD.2022.0215,RCT_RT_only,sarcopenic_obesity; middle_aged; older_adults,body_comp; muscle_mass; strength; sarcopenic_obesity_index,16,Middle-aged and older adults with sarcopenic obesity; 16-week RT program vs control; evaluates sarcopenic obesity index and physical performance.
C,91,091.pdf,Body Composition and Musculoskeletal Health in Older Adults With Obesity and Sarcopenia (Liberty University Thesis),Jones M,2020,NR,thesis_observational,older_adults; obesity; sarcopenia,body_comp; muscle_mass; strength; function,NA,"Master’s thesis (Liberty University) describing relationships between obesity, sarcopenia, and musculoskeletal health in older adults."
C,92,092.pdf,Effects of Caloric Restriction With or Without Resistance Training in Dynapenic-Overweight and Obese Menopausal Women (MONET Study),unknown / MONET study group,NR,NR,RCT_RT+diet,postmenopausal_women; dynapenic_obesity; caloric_restriction; RT,body_comp; muscle_mass; strength; function; cardiometabolic,24,"Overweight/obese menopausal women with dynapenia; 6-month caloric restriction ± RT; evaluates body composition, muscle function and cardiometabolic risk."
C,93,093.pdf,"The Effects of Twelve Weeks of Whole-Body Vibration Training and Low-Intensity Resistance Exercise Training on Arterial Function, Muscle Strength, and Physical Performance in Dynapenic Postmenopausal Women",Harrell J,NR,NR,thesis_RCT,postmenopausal_women; dynapenia; vibration_training; low_intensity_RT,body_comp; strength; function; vascular,12,"FSU doctoral dissertation; dynapenic postmenopausal women assigned to WBV, low-intensity RT, or control; arterial function and performance outcomes."
C,94,094.pdf,Plasma Adipokines Levels and Functional Fitness With Concurrent Combined Aerobic and Resistance Training in Older Adults,Arend E,2018,NR,thesis_RT+AT,older_adults; obesity_risk; concurrent_training; adipokines,body_comp; strength; function; cardiometabolic; biomarkers,NR,Doctoral thesis (University of Porto); older adults completed concurrent aerobic+RT; focuses on adipokines and functional fitness changes.
C,95,095.pdf,Home-Based Resistance Training With Whey Protein Supplementation in Overweight and Obese Adults: Effects on Body Composition and Muscle Strength,Binmahfoz A et al.,2025,10.1186/s12986-025-00986-1,RCT_RT+protein,overweight_adults; obesity; home_based_RT; whey_protein,body_comp; muscle_mass; strength; cardiometabolic,12,Overweight/obese adults performed home-based RT plus whey vs control; examines changes in body composition and strength (Nutrition & Metabolism).
C,96,096.pdf,Effect of Combined Resistance Training and Protein Supplementation on Muscle Mass and Function in Breast Cancer Survivors,Watkins E,NR,NR,thesis_RCT,breast_cancer_survivors; women; RT+protein,body_comp; muscle_mass; strength; function,NR,Doctoral dissertation; breast cancer survivors completed RT plus protein supplementation vs control; focus on sarcopenia and functional recovery.
C,97,097.pdf,Effects of Resistance Training on Body Composition and Function in Older Women With Sarcopenic Obesity (Korean Cohort),Lee Y-H et al.,NR,NR,RCT_RT_only,older_women; sarcopenic_obesity; Korean_population,body_comp; muscle_mass; strength; function,12,Older Korean women with sarcopenic obesity; ~12 weeks of supervised RT vs control; outcomes include DXA body comp and physical performance tests.
C,98,098.pdf,Resistance Training and Weight Loss in Older Adults: A Scoping Review,Buskard A & Petrella R,2023,10.1186/s40798-023-00613-4,scoping_review,older_adults; obesity; weight_loss; RT_scoping,body_comp; muscle_mass; strength; function; weight_loss,various,"Scoping review mapping RT protocols in weight-loss contexts for overweight and obese older adults, including sarcopenic obesity subgroups."
C,99,099.pdf,Resistance Training and Whey Protein Supplementation During Energy Restriction in Obese Older Adults: Effects on Body Composition and Functional Performance,Melenberg W et al.,2016,10.1123/ijsnem.2015-0160,RCT_RT+protein,older_women; obesity; energy_restriction; whey_protein,body_comp; muscle_mass; strength; function,12,Obese older women on hypocaloric diet with RT ± whey; examines preservation of lean mass and functional capacity.
C,100,100.pdf,Inflammatory Cytokine Responses to Progressive Resistance Training and Fortified Milk in Men Aged 50+ Years: An 18-Month Randomized Controlled Trial,Peake J M et al.,2018,10.1371/journal.pone.0197755,RCT_RT+nutrition,older_men; fortified_milk; inflammation; RT,body_comp; muscle_mass; strength; inflammatory_markers,78,"Men ≥50 randomized to PRT + fortified milk vs control (18-month intervention); outcomes include lean mass, strength and inflammatory cytokines."
C,101,101.pdf,Identification and Characterization of Osteosarcopenic Obesity in Older Adults: Implications for Exercise Interventions,Bolivar J,NR,NR,thesis_RCT,postmenopausal_women; low_bone_mass; vibration; RT,body_comp; muscle_mass; strength; bone; function,NR,Doctoral thesis testing WBV ± RT in postmenopausal women at risk for osteoporosis; multiple musculoskeletal outcomes.
C,102,102.pdf,Whole-Body Vibration and Resistance Training in Postmenopausal Women With Low Bone Mass: Effects on Musculoskeletal Health,Lee S H et al.,2024,10.31083/j.rcm2407196,RCT_RT_only,middle_aged_women; obesity; hemorheology,body_comp; muscle_mass; strength; function; blood_lipids; hemorheology,12,"Middle-aged obese women underwent 12-week RT; examines hypertrophy, functional tests, blood lipids and hemorheological markers."
C,103,103.pdf,"Effects of 12 Weeks of Resistance Training on Body Composition, Muscle Hypertrophy and Function, Blood Lipid Level, and Hemorheological Properties in Middle-Aged Obese Women",Young C,NR,NR,thesis_RCT,older_adults; TAVR; cardiac_patients; RT,function; QoL; physical_performance,NR,Doctoral dissertation on RT as adjunct to cardiac rehabilitation in TAVR patients; focuses on functional recovery and quality of life.
C,104,104.pdf,Impact of Resistance Training on Recovery and Functional Status in Older Adults Undergoing Transcatheter Aortic Valve Replacement (TAVR),Murillo Y,NR,NR,thesis_RCT,obesity; older_adults; concurrent_training; sprint_interval; RT,body_comp; muscle_mass; strength; function,NR,Thesis examining combined sprint interval training and RT vs single-mode or control in obese older adults.
C,105,105.pdf,"Concurrent Sprint Interval and Resistance Training: Effects on Body Composition, Strength, and Functional Capacity in Obese Older Adults",Liao C-D et al.,2021,NR,meta_RT,older_adults; secondary_sarcopenia; comorbidities,body_comp; muscle_mass; strength; function,various,"Systematic review/meta-analysis on RT for secondary sarcopenia (e.g., due to chronic disease, hospitalization) in older adults."
C,106,106.pdf,Effects of Resistance Training on Older Adults With Secondary Sarcopenia: A Systematic Review and Meta-Analysis,Silva L S L et al.,2023,10.3389/fnut.2023.1179832,scoping_review,older_adults; sarcopenic_obesity; RT_protocols,body_comp; muscle_mass; strength; function,various,"Scoping review mapping RT prescription variables (volume, intensity, cadence, rest, frequency) in older adults with sarcopenic obesity."
C,107,107.pdf,Characteristics of Resistance Training-Based Protocols in Older Adults With Sarcopenic Obesity: A Scoping Review,Peake J M et al.,2018,10.1371/journal.pone.0197755,RCT_RT+nutrition,older_men; fortified_milk; inflammation; RT,body_comp; muscle_mass; strength; inflammatory_markers,78,"Men ≥50 randomized to PRT + fortified milk vs control (18-month intervention); outcomes include lean mass, strength and inflammatory cytokines."
D,108,108.pdf,Challenging the American College of Sports Medicine 2009 Position Stand on Resistance Training,Carpinelli RN,2009,10.2478/v10036-009-0020-7,narrative_critique (ACSM RT position stand),ACSM_position_stand; resistance_training; critique; loading; volume; exercise_selection; free_weights_vs_machines; exercise_order; rest_periods,conceptual (no primary outcome data; critiques evidence base for RT guidelines),NA,"Critical review arguing that the 2009 ACSM resistance-training position stand misinterprets many studies and selectively cites evidence; claims simple, lower-volume RT may be as effective as complex, periodized, high-volume prescriptions for strength and hypertrophy."
D,109,109.pdf,Physical Activity and Bone Health (ACSM Position Stand),Kohrt WM; Bloomfield SA; Little KD; Nelson ME; Yingling VR,2004,NR,position_stand (ACSM; physical activity & bone),ACSM_position_stand; physical_activity; bone_health; osteoporosis_prevention; weight_bearing; impact_loading,bone_density (BMD); bone_mass; fracture_risk (guidance level),NA,ACSM position stand outlining how weight-bearing and impact-type physical activity across the lifespan supports bone mass and reduces osteoporosis/fracture risk; provides general dose/type guidelines but not specific RT programming details.
D,110,110.pdf,A Critical Analysis of the ACSM Position Stand on Resistance Training: Insufficient Evidence to Support Recommended Training Protocols,Carpinelli RN; Otto RM; Winett RA,2004,NR,narrative_critique (ACSM RT progression stand),ACSM_position_stand; resistance_training; progression_models; load; sets; frequency; repetition_duration; hypertrophy; strength,conceptual/methodological (re-analysis of cited RT literature),NA,"Long, detailed critique of the 2002 ACSM “Progression Models in Resistance Training for Healthy Adults” stand; argues that claims about the need for complex progression schemes and high volumes are poorly supported and that low-volume RT can achieve similar adaptations."
D,111,111.pdf,Exercise and Type 2 Diabetes: The American College of Sports Medicine and the American Diabetes Association: Joint Position Statement,Colberg SR; Sigal RJ; Fernhall B; Regensteiner JG; Blissmer BJ; Rubin RR; Chasan-Taber L; Albright AL; Braun B,2010,10.2337/dc10-9990,joint_position_statement (ACSM + ADA),type2_diabetes; exercise_prescription; physical_activity; aerobic_training; resistance_training; glycaemic_control,"glycaemic_control (HbA1c, fasting glucose); cardiometabolic_risk; body_weight; fitness; safety/contraindications",NA,"Comprehensive joint statement giving aerobic and resistance-training recommendations for individuals with type 2 diabetes, including intensity/volume guidelines, safety considerations, and adaptations for complications/comorbidities."
D,112,112.pdf,"ACSM Position Stand: The Recommended Quantity and Quality of Exercise for Developing and Maintaining Cardiorespiratory and Muscular Fitness, and Flexibility in Healthy Adults",Pollock ML; Gaesser GA; Butcher JD; Després J-P; Dishman RK; Franklin BA; Garber CE,1998,10.1097/00005768-199806000-00032,position_stand (ACSM; general exercise),ACSM_position_stand; exercise_prescription; cardiorespiratory_fitness; muscular_fitness; flexibility; healthy_adults,"overall_fitness (CRF, muscular_strength/endurance, flexibility); health_risk_reduction (conceptual)",NA,"Classic ACSM guideline summarising recommended frequency, intensity, time, and type (FITT) of exercise to develop and maintain cardiorespiratory and muscular fitness and flexibility in healthy adults; includes brief RT recommendations but not detailed progression models."
D,113,113.pdf,Progression Models in Resistance Training for Healthy Adults (ACSM Position Stand),Kraemer WJ; Adams K; Cafarelli E; Dudley GA; Dooly C; Feigenbaum MS; Fleck SJ; Franklin B; Fry AC; Hoffman JR; Newton RU; Potteiger J; Ratamess NA; et al.,2002,10.1097/00005768-200202000-00026,position_stand_RT (ACSM; progression models),resistance_training; progression_models; load; volume; frequency; periodization; sets; repetition_range; rest_intervals; healthy_adults,hypothetical training_effects (strength; hypertrophy; power; endurance – guidance only),NA,"Key ACSM RT position stand outlining progression models for novice, intermediate, advanced, and elite healthy adults; recommends multi-set training, specific %1RM/repetition ranges, periodized progression, and higher volumes/frequencies for advanced trainees—this is the document critiqued by Carpinelli (110, 108)."
D,114,114.pdf,Physical Activity and Public Health in Older Adults: Recommendation from the American College of Sports Medicine and the American Heart Association,Nelson ME; Rejeski WJ; Blair SN; Duncan PW; Judge JO; King AC; Macera CA; Castaneda-Sceppa C,2007,10.1161/CIRCULATIONAHA.107.185650,joint_position_statement (ACSM + AHA; older adults),older_adults; physical_activity; public_health; ACSM_position; AHA_recommendation; aerobic_training; resistance_training; balance_training,"physical_activity_guidelines (aerobic volume; RT; balance/flexibility); health_outcomes (falls, disability, chronic_disease risk)",NA,"ACSM/AHA recommendation paper translating PA guidelines specifically for older adults; provides targets for aerobic activity plus resistance and flexibility/balance training to maintain function, reduce falls, and manage chronic disease risk."
D,115,115.pdf,Resistance Training for Older Women: Do Adaptive Responses Support the ACSM and NSCA Position Stands?,Cavalcante EF; Kassiano W; Ribeiro AS; Costa B; Cyrino LT; Cunha PM; Antunes M; dos Santos L; Tomeleri CM; Nabuco HCG; Sugihara-Junior P; Fernandes RR; Rodrigues RJ; Carneiro MAS; et al.,2023,10.1249/MSS.0000000000003179,RCT_RT_only (older women; tests ACSM/NSCA guidelines),older_women; resistance_training; training_intensity; ACSM_position_stand; NSCA_position_stand; hypertrophy; strength; metabolic_health,"muscle_mass (SMM, lean_mass); strength (1RM, dynamic); physical_performance; metabolic_biomarkers",12 (RT within an 18-week study window),"12-week RT trial in 101 older women using different load/intensity prescriptions to test whether observed adaptations align with ACSM/NSCA position stand recommendations for this population; examines strength, skeletal muscle mass, functional performance, and metabolic markers."